City_ID,City,Country,Date,Lat,Lng,Max Temp,Humidity,Cloudiness,Wind Speed
0,Rikitea,PF,2021-10-28 21:05:15,-23.1203,-134.9692,75.49,80,81,17.65
1,Sur,OM,2021-10-28 21:06:41,22.5667,59.5289,77.5,67,0,2.51
2,Petropavlovsk-Kamchatskiy,RU,2021-10-28 21:03:19,53.0452,158.6483,30.79,93,75,4.47
3,Mata De Sao Joao,BR,2021-10-28 21:06:42,-12.5303,-38.2992,73.15,86,6,4.45
4,Requena,ES,2021-10-28 21:06:42,39.4883,-1.1004,55.71,88,95,2.44
5,Punta Arenas,CL,2021-10-28 21:04:51,-53.15,-70.9167,60.91,51,90,20.71
6,Yellowknife,CA,2021-10-28 21:06:42,62.456,-114.3525,36.41,99,100,2.62
7,Constitucion,CL,2021-10-28 21:06:43,-35.3333,-72.4167,64.98,59,10,17.0
8,Kapaa,US,2021-10-28 21:06:43,22.0752,-159.319,82.38,89,75,3.0
9,Jamestown,US,2021-10-28 21:03:58,42.097,-79.2353,64.04,59,1,8.05
10,Clyde River,CA,2021-10-28 21:06:44,70.4692,-68.5914,29.84,95,100,4.54
11,Victoria,HK,2021-10-28 21:05:03,22.2855,114.1577,77.38,88,84,1.99
12,Manicore,BR,2021-10-28 21:06:44,-5.8092,-61.3003,83.5,74,96,3.18
13,Vanavara,RU,2021-10-28 21:06:44,60.34,102.2797,18.63,80,9,4.85
14,Qaanaaq,GL,2021-10-28 21:05:17,77.484,-69.3632,20.7,90,100,7.02
15,Bluff,NZ,2021-10-28 21:05:19,-46.6,168.3333,57.0,84,51,4.99
16,Mar Del Plata,AR,2021-10-28 21:02:40,-38.0023,-57.5575,67.87,84,100,18.01
17,Busselton,AU,2021-10-28 21:05:29,-33.65,115.3333,45.86,83,50,7.85
18,Chuy,UY,2021-10-28 21:05:28,-33.6971,-53.4616,70.18,70,0,10.51
19,Marsa Matruh,EG,2021-10-28 21:06:45,31.3525,27.2453,71.64,83,2,6.6
20,Paamiut,GL,2021-10-28 21:06:46,61.994,-49.6678,33.28,72,100,17.54
21,Cabinda,AO,2021-10-28 21:06:46,-5.55,12.2,76.59,82,30,8.43
22,Shaunavon,CA,2021-10-28 21:06:46,49.6501,-108.4181,50.88,28,29,10.13
23,Tuktoyaktuk,CA,2021-10-28 21:03:17,69.4541,-133.0374,28.4,93,90,5.75
24,Sanandaj,IR,2021-10-28 21:06:47,35.3144,46.9923,55.22,40,53,3.65
25,Miraflores,MX,2021-10-28 21:06:47,19.2167,-98.8083,73.02,58,72,3.31
26,Hutchinson,US,2021-10-28 21:06:48,38.0608,-97.9298,62.19,37,6,7.0
27,Lambarene,GA,2021-10-28 21:06:48,-0.7001,10.2406,74.55,96,79,2.59
28,Namatanai,PG,2021-10-28 21:06:48,-3.6667,152.4333,82.47,75,95,5.79
29,Albany,US,2021-10-28 21:06:49,42.6001,-73.9662,57.81,74,0,2.35
30,Khakhea,BW,2021-10-28 21:06:49,-24.6895,23.494,64.85,74,73,5.17
31,Banting,MY,2021-10-28 21:06:49,2.8167,101.5,79.56,89,100,3.24
32,Labuhan,ID,2021-10-28 21:06:50,-6.8844,112.2051,79.39,84,100,6.44
33,Vaini,TO,2021-10-28 21:05:30,-21.2,-175.2,78.96,78,75,9.22
34,Suba,PH,2021-10-28 21:06:50,10.8438,121.0102,83.17,75,100,20.74
35,Kilindoni,TZ,2021-10-28 21:06:51,-7.9139,39.6668,79.2,79,14,11.86
36,Nanortalik,GL,2021-10-28 21:06:51,60.1432,-45.2371,36.07,72,86,3.71
37,Butaritari,KI,2021-10-28 21:06:52,3.0707,172.7902,81.95,70,6,11.14
38,Neringa,LT,2021-10-28 21:06:52,55.3719,21.0647,51.87,90,95,13.42
39,Georgetown,MY,2021-10-28 21:06:52,5.4112,100.3354,78.73,90,20,3.44
40,Saldanha,ZA,2021-10-28 21:06:53,-33.0117,17.9442,59.25,92,5,12.53
41,Rawson,AR,2021-10-28 21:06:53,-43.3002,-65.1023,64.83,49,13,11.21
42,Dikson,RU,2021-10-28 21:05:24,73.5069,80.5464,8.67,92,100,9.48
43,Sakata,JP,2021-10-28 21:06:54,38.9167,139.855,55.17,65,100,12.68
44,Oriximina,BR,2021-10-28 21:06:54,-1.7656,-55.8661,87.1,55,25,3.13
45,Lensk,RU,2021-10-28 21:07:54,60.7253,114.9278,21.94,74,100,14.56
46,Hobart,AU,2021-10-28 21:05:28,-42.8794,147.3294,48.06,93,75,5.01
47,Barrow,US,2021-10-28 21:05:22,71.2906,-156.7887,21.22,86,90,13.8
48,Chokurdakh,RU,2021-10-28 21:07:55,70.6333,147.9167,-10.37,97,94,4.07
49,Ranong,TH,2021-10-28 21:07:55,9.9658,98.6348,77.31,91,92,5.28
50,Iwaki,JP,2021-10-28 21:07:56,37.05,140.8833,45.01,91,13,1.01
51,Coruripe,BR,2021-10-28 21:07:56,-10.1256,-36.1756,76.75,81,89,9.19
52,Arraial Do Cabo,BR,2021-10-28 21:01:36,-22.9661,-42.0278,72.48,89,100,14.63
53,Teguise,ES,2021-10-28 21:04:43,29.0605,-13.564,66.42,78,20,12.66
54,Matara,LK,2021-10-28 21:07:19,5.9485,80.5353,75.58,94,100,4.5
55,Ikalamavony,MG,2021-10-28 21:07:57,-21.15,46.5833,61.16,75,36,11.68
56,Ushuaia,AR,2021-10-28 21:05:21,-54.8,-68.3,60.46,36,20,13.8
57,Mataura,NZ,2021-10-28 21:05:19,-46.1927,168.8643,60.37,69,19,2.39
58,Muros,ES,2021-10-28 21:07:58,42.7762,-9.0603,62.24,91,100,8.48
59,Severo-Kurilsk,RU,2021-10-28 21:07:58,50.6789,156.125,42.12,91,100,7.74
60,Tiksi,RU,2021-10-28 21:07:58,71.6872,128.8694,11.7,95,100,4.83
61,Souillac,MU,2021-10-28 21:07:59,-20.5167,57.5167,75.36,79,0,7.07
62,Rimbey,CA,2021-10-28 21:07:59,52.6334,-114.2353,45.23,34,99,14.67
63,Lazaro Cardenas,MX,2021-10-28 21:08:00,17.9583,-102.2,84.24,69,4,6.15
64,Saint-Augustin,CA,2021-10-28 21:08:00,51.226,-58.6502,39.49,74,0,5.97
65,Carnarvon,AU,2021-10-28 21:06:40,-24.8667,113.6333,62.67,59,0,18.41
66,Chumikan,RU,2021-10-28 21:08:00,54.7183,135.315,35.49,75,69,17.98
67,Tuatapere,NZ,2021-10-28 21:08:01,-46.1333,167.6833,59.32,74,69,4.9
68,Ous,RU,2021-10-28 21:08:01,60.9058,61.5186,22.48,64,41,15.26
69,Cidreira,BR,2021-10-28 21:08:02,-30.1811,-50.2056,69.24,81,0,16.6
70,Puerto Ayora,EC,2021-10-28 21:06:13,-0.7393,-90.3518,78.76,90,30,5.01
71,Nikolskoye,RU,2021-10-28 21:05:23,59.7035,30.7861,46.87,91,100,10.16
72,Magadan,RU,2021-10-28 21:08:03,59.5667,150.8,26.04,96,92,5.61
73,Novoagansk,RU,2021-10-28 21:08:03,61.9449,76.6625,29.79,96,100,12.73
74,Lebu,CL,2021-10-28 21:07:08,-37.6167,-73.65,56.7,81,1,14.61
75,At-Bashi,KG,2021-10-28 21:08:04,41.1702,75.8106,35.51,68,100,2.66
76,Tasiilaq,GL,2021-10-28 21:07:21,65.6145,-37.6368,32.16,73,82,8.41
77,Saskylakh,RU,2021-10-28 21:08:04,71.9167,114.0833,3.87,96,100,10.38
78,Klaksvik,FO,2021-10-28 21:08:05,62.2266,-6.589,49.12,88,57,22.08
79,Tigil,RU,2021-10-28 21:08:05,57.8,158.6667,31.28,97,100,5.57
80,Ormara,PK,2021-10-28 21:08:06,25.2088,64.6357,78.76,62,0,7.78
81,Castro,BR,2021-10-28 21:08:06,-24.7911,-50.0119,64.83,91,91,10.07
82,Uporovo,RU,2021-10-28 21:08:06,56.3109,66.2693,37.96,80,100,15.64
83,Gizo,SB,2021-10-28 21:08:07,-8.103,156.8419,83.82,69,42,6.31
84,Ilulissat,GL,2021-10-28 21:05:23,69.2167,-51.1,26.62,63,75,12.66
85,Saint-Philippe,RE,2021-10-28 21:06:26,-21.3585,55.7679,72.99,79,3,7.25
86,Shagonar,RU,2021-10-28 21:08:07,51.5333,92.8,36.64,84,20,1.97
87,Cabo San Lucas,MX,2021-10-28 21:08:08,22.8909,-109.9124,89.62,59,20,4.0
88,Tahe,CN,2021-10-28 21:09:08,52.3333,124.7333,32.61,78,96,1.41
89,Husavik,IS,2021-10-28 21:07:35,66.0449,-17.3389,39.78,97,100,18.52
90,Isangel,VU,2021-10-28 21:09:09,-19.55,169.2667,78.62,79,35,10.0
91,Port Alfred,ZA,2021-10-28 21:07:34,-33.5906,26.891,66.9,96,100,4.54
92,Port Blair,IN,2021-10-28 21:07:26,11.6667,92.75,80.71,80,51,9.35
93,Hami,CN,2021-10-28 21:09:09,42.8,93.45,48.56,36,34,5.59
94,Kokuy,RU,2021-10-28 21:09:10,52.2037,117.5529,33.26,81,47,1.59
95,Port Hedland,AU,2021-10-28 21:06:18,-20.3167,118.5667,68.05,88,4,6.91
96,Hilo,US,2021-10-28 21:09:00,19.7297,-155.09,82.13,70,20,11.5
97,Maua,BR,2021-10-28 21:09:10,-23.6678,-46.4614,70.36,95,100,5.73
98,Atuona,PF,2021-10-28 21:06:01,-9.8,-139.0333,78.28,71,1,17.29
99,Thinadhoo,MV,2021-10-28 21:09:11,0.5333,72.9333,82.65,74,100,12.91
100,Torbay,CA,2021-10-28 21:09:11,47.6666,-52.7314,39.58,91,90,17.27
101,Chapais,CA,2021-10-28 21:08:42,49.7834,-74.8492,45.93,49,0,5.06
102,San Patricio,US,2021-10-28 21:09:12,28.017,-97.5169,86.02,16,0,19.04
103,Thunder Bay,CA,2021-10-28 21:08:13,48.4001,-89.3168,53.29,77,100,1.01
104,Shingu,JP,2021-10-28 21:09:13,33.7333,135.9833,50.58,78,0,7.74
105,Waddan,LY,2021-10-28 21:09:13,29.1614,16.139,70.88,42,93,7.99
106,Samur,RU,2021-10-28 21:09:13,41.8253,48.486,49.84,73,0,2.55
107,Mujiayingzi,CN,2021-10-28 21:05:18,42.1167,118.7833,45.09,49,97,6.42
108,Vilhena,BR,2021-10-28 21:06:55,-12.7406,-60.1458,81.86,61,100,3.4
109,Saint Anthony,US,2021-10-28 21:09:14,45.0205,-93.218,49.3,92,90,1.99
110,La Romana,DO,2021-10-28 21:09:15,18.4273,-68.9728,86.36,74,20,11.5
111,Jardim,BR,2021-10-28 21:09:15,-21.4803,-56.1381,78.49,72,87,2.82
112,Hamilton,US,2021-10-28 21:04:45,39.1834,-84.5333,56.43,96,90,1.99
113,Cape Town,ZA,2021-10-28 21:08:42,-33.9258,18.4232,63.09,75,17,1.99
114,Khatanga,RU,2021-10-28 21:09:16,71.9667,102.5,-6.07,98,100,10.16
115,Anadyr,RU,2021-10-28 21:09:16,64.75,177.4833,-3.5,84,0,11.18
116,Magway,MM,2021-10-28 21:09:16,20.15,94.9167,74.68,89,21,4.43
117,Port Lincoln,AU,2021-10-28 21:09:17,-34.7333,135.8667,54.9,69,73,16.31
118,Santa Cruz,BO,2021-10-28 21:07:38,-17.8,-63.1667,90.57,40,44,14.43
119,Kruisfontein,ZA,2021-10-28 21:09:17,-34.0033,24.7314,69.89,82,100,13.11
120,San Pedro,PH,2021-10-28 21:09:17,14.35,121.0167,79.36,79,53,9.91
121,Clonakilty,IE,2021-10-28 21:09:18,51.6231,-8.8706,53.1,85,100,3.85
122,Bethel,US,2021-10-28 21:09:18,41.3712,-73.414,57.42,70,75,4.61
123,Avarua,CK,2021-10-28 21:06:24,-21.2078,-159.775,75.25,73,10,12.66
124,Yaan,NG,2021-10-28 21:09:19,7.3833,8.5667,76.82,80,52,3.69
125,Sao Filipe,CV,2021-10-28 21:07:07,14.8961,-24.4956,78.55,81,100,14.88
126,Coahuayana,MX,2021-10-28 21:09:19,18.7333,-103.6833,89.08,63,15,6.26
127,Kalawit,PH,2021-10-28 21:09:20,8.0667,122.5167,77.23,87,5,3.0
128,Banda Aceh,ID,2021-10-28 21:09:20,5.5577,95.3222,79.43,85,88,6.53
129,Sola,VU,2021-10-28 21:09:20,-13.8833,167.55,81.32,76,43,14.5
130,Hanford,US,2021-10-28 21:09:21,36.3275,-119.6457,77.23,59,1,0.0
131,Bredasdorp,ZA,2021-10-28 21:08:18,-34.5322,20.0403,55.27,92,27,4.29
132,Itacare,BR,2021-10-28 21:09:21,-14.2775,-38.9967,74.48,89,31,10.25
133,Sao Joao Da Barra,BR,2021-10-28 21:04:37,-21.6403,-41.0511,77.09,86,84,11.86
134,Mokolo,CM,2021-10-28 21:10:22,10.7398,13.8019,77.45,26,3,4.5
135,Wufeng,CN,2021-10-28 21:10:22,27.45,104.8333,44.64,98,100,2.95
136,Nurobod,UZ,2021-10-28 21:10:22,40.9056,69.8023,43.65,91,100,3.65
137,Tokur,RU,2021-10-28 21:10:23,53.1333,132.9,18.73,97,44,3.31
138,Tazovskiy,RU,2021-10-28 21:10:23,67.4667,78.7,14.27,92,100,20.45
139,Geraldton,AU,2021-10-28 21:09:15,-28.7667,114.6,45.01,87,3,5.75
140,Tezu,IN,2021-10-28 21:10:23,27.9167,96.1667,65.23,52,0,4.45
141,Zhigansk,RU,2021-10-28 21:07:52,66.7697,123.3711,15.85,92,100,12.03
142,Dudinka,RU,2021-10-28 21:10:24,69.4058,86.1778,-3.15,92,100,8.77
143,Deep River,CA,2021-10-28 21:10:24,46.1001,-77.4995,54.95,60,0,5.84
144,Chaman,PK,2021-10-28 21:08:18,30.9236,66.4512,56.66,20,1,2.08
145,Brae,GB,2021-10-28 21:10:25,60.3964,-1.353,51.71,86,100,4.09
146,Bermejo,AR,2021-10-28 21:10:25,-32.8833,-68.8,94.35,13,17,7.07
147,Victor Harbor,AU,2021-10-28 21:10:25,-35.5667,138.6167,55.72,86,99,1.99
148,Kysyl-Syr,RU,2021-10-28 21:10:26,63.8986,122.7617,20.48,86,99,12.1
149,Worthington,US,2021-10-28 21:10:26,40.0931,-83.018,65.86,74,90,3.44
150,Lavrentiya,RU,2021-10-28 21:07:56,65.5833,-171.0,16.47,83,100,7.05
151,Thompson,CA,2021-10-28 21:08:21,55.7435,-97.8558,45.86,76,93,8.39
152,Oranjestad,AW,2021-10-28 21:10:27,12.524,-70.027,85.95,70,20,23.02
153,Dunning,GB,2021-10-28 21:10:27,56.312,-3.5861,54.57,97,100,1.52
154,General Roca,AR,2021-10-28 21:10:28,-39.0333,-67.5833,90.59,17,11,7.27
155,Broome,US,2021-10-28 21:08:42,42.2506,-75.833,61.84,62,1,4.61
156,Catuday,PH,2021-10-28 21:10:28,16.2923,119.8062,77.72,77,77,11.01
157,Bengkulu,ID,2021-10-28 21:05:20,-3.8004,102.2655,77.14,85,100,3.02
158,Dhidhdhoo,MV,2021-10-28 21:10:29,6.8833,73.1,80.74,79,33,10.11
159,Nabire,ID,2021-10-28 21:10:29,-3.3667,135.4833,74.55,91,100,3.49
160,New Norfolk,AU,2021-10-28 21:07:23,-42.7826,147.0587,47.7,79,100,5.99
161,Niquelandia,BR,2021-10-28 21:10:29,-14.4739,-48.4597,89.4,31,67,7.07
162,Taksimo,RU,2021-10-28 21:10:30,56.3444,114.8794,22.46,73,91,2.59
163,Pevek,RU,2021-10-28 21:08:42,69.7008,170.3133,1.63,95,100,4.76
164,Agadir,MA,2021-10-28 21:10:30,30.4202,-9.5982,64.85,86,0,5.5
165,Saint George,US,2021-10-28 21:06:48,37.1041,-113.5841,77.47,32,1,1.01
166,Mabaruma,GY,2021-10-28 21:10:31,8.2,-59.7833,78.67,86,97,5.75
167,Shaoyang,CN,2021-10-28 21:10:31,27.2315,111.4525,58.33,94,100,4.41
168,Iqaluit,CA,2021-10-28 21:10:31,63.7506,-68.5145,32.52,73,100,4.59
169,Ambilobe,MG,2021-10-28 21:07:49,-13.2,49.05,73.22,91,65,2.26
170,Port Elizabeth,ZA,2021-10-28 21:05:30,-33.918,25.5701,72.1,89,100,12.95
171,George Town,MY,2021-10-28 21:06:52,5.4112,100.3354,78.73,90,20,3.44
172,Faanui,PF,2021-10-28 21:09:26,-16.4833,-151.75,78.73,78,43,7.85
173,Nalut,LY,2021-10-28 21:10:32,30.3333,10.85,65.71,46,100,6.08
174,Tabas,IR,2021-10-28 21:10:32,33.5959,56.9244,59.25,35,0,1.54
175,Alofi,NU,2021-10-28 21:10:33,-19.0595,-169.9187,80.49,65,75,12.66
176,Zeya,RU,2021-10-28 21:10:33,53.75,127.2667,32.14,88,72,2.75
177,Ponta Do Sol,PT,2021-10-28 21:06:56,32.6667,-17.1,69.71,74,63,7.16
178,Pokaran,IN,2021-10-28 21:10:34,26.9167,71.9167,77.22,23,0,7.02
179,Tilichiki,RU,2021-10-28 21:11:34,60.4667,166.1,-0.78,89,24,6.44
180,Warri,NG,2021-10-28 21:11:34,5.5167,5.75,76.91,90,99,3.27
181,Kodiak,US,2021-10-28 21:05:21,57.79,-152.4072,40.51,52,1,0.0
182,Tainan,TW,2021-10-28 21:10:09,22.9908,120.2133,76.14,88,40,5.75
183,Marsh Harbour,BS,2021-10-28 21:11:35,26.5412,-77.0636,83.07,72,83,14.65
184,Hithadhoo,MV,2021-10-28 21:07:43,-0.6,73.0833,83.14,74,100,13.49
185,Yekaterinoslavka,RU,2021-10-28 21:11:35,50.3734,129.1139,32.83,84,5,8.63
186,Vangaindrano,MG,2021-10-28 21:11:36,-23.35,47.6,64.65,69,12,12.37
187,Fairlie,GB,2021-10-28 21:11:36,55.756,-4.8556,55.0,93,100,5.32
188,Mikkeli,FI,2021-10-28 21:11:36,61.6886,27.2723,48.31,100,90,8.05
189,Sobolevo,RU,2021-10-28 21:11:37,54.4299,31.8996,43.65,92,97,1.95
190,Camacha,PT,2021-10-28 21:11:37,33.0833,-16.3333,67.42,73,20,9.22
191,San Jeronimo,PE,2021-10-28 21:11:37,-11.9472,-75.2829,60.78,50,96,5.26
192,Vila Do Maio,CV,2021-10-28 21:10:58,15.1333,-23.2167,75.99,80,100,19.24
193,Margate,GB,2021-10-28 21:09:04,51.3813,1.3862,59.31,78,52,4.0
194,Yulara,AU,2021-10-28 21:11:38,-25.2406,130.9889,59.67,30,61,9.55
195,Ambatofinandrahana,MG,2021-10-28 21:11:38,-20.55,46.8,55.63,81,76,6.2
196,Ovsyanka,RU,2021-10-28 21:11:39,55.9575,92.5519,16.77,62,62,3.91
197,Kaitangata,NZ,2021-10-28 21:05:28,-46.2817,169.8464,58.68,72,57,5.21
198,Hermanus,ZA,2021-10-28 21:05:20,-34.4187,19.2345,61.9,90,8,7.99
199,Adrar,MR,2021-10-28 21:11:39,20.5022,-10.0711,79.21,38,100,10.63
200,Gbarnga,LR,2021-10-28 21:11:40,6.9956,-9.4722,71.96,98,100,2.42
201,Synya,RU,2021-10-28 21:11:40,65.3718,58.0387,12.81,96,49,9.51
202,Puri,IN,2021-10-28 21:11:40,19.8,85.85,77.52,84,100,10.74
203,Kormend,HU,2021-10-28 21:11:41,47.011,16.606,40.32,69,14,4.65
204,Mollendo,PE,2021-10-28 21:11:41,-17.0231,-72.0147,67.23,77,62,7.43
205,Grindavik,IS,2021-10-28 21:10:14,63.8424,-22.4338,41.47,87,90,19.57
206,Katsuura,JP,2021-10-28 21:07:37,35.1333,140.3,57.31,56,82,21.77
207,Andijon,UZ,2021-10-28 21:11:42,40.7821,72.3442,49.35,64,100,3.11
208,Mount Isa,AU,2021-10-28 21:05:24,-20.7333,139.5,71.37,100,40,5.75
209,Walvis Bay,NA,2021-10-28 21:11:42,-22.9575,14.5053,61.09,76,79,11.48
210,Labrea,BR,2021-10-28 21:11:42,-7.2586,-64.7981,86.2,58,93,2.68
211,Sioux Lookout,CA,2021-10-28 21:11:43,50.1001,-91.917,46.78,95,100,3.98
212,Kaura Namoda,NG,2021-10-28 21:11:43,12.5898,6.5779,81.05,24,85,2.91
213,Pitea,SE,2021-10-28 21:11:43,65.3172,21.4794,37.49,100,100,3.29
214,Mukhen,RU,2021-10-28 21:11:44,48.1,136.1,33.4,91,0,5.3
215,San Quintin,MX,2021-10-28 21:07:38,30.4833,-115.95,75.97,37,0,7.07
216,Ulaanbaatar,MN,2021-10-28 21:11:44,47.9077,106.8832,26.73,80,0,11.18
217,Ygatimi,PY,2021-10-28 21:11:45,-24.0833,-55.5,86.67,53,9,4.88
218,Upernavik,GL,2021-10-28 21:11:45,72.7868,-56.1549,19.8,59,97,4.52
219,San Carlos De Bariloche,AR,2021-10-28 21:10:36,-41.1456,-71.3082,73.44,30,0,17.27
220,Piacabucu,BR,2021-10-28 21:09:21,-10.4056,-36.4344,76.93,79,78,7.74
221,Pangnirtung,CA,2021-10-28 21:09:16,66.1451,-65.7125,32.0,100,90,12.66
222,Haines Junction,CA,2021-10-28 21:08:42,60.7522,-137.5108,30.87,77,89,3.49
223,Nantucket,US,2021-10-28 21:08:51,41.2835,-70.0995,52.14,80,100,22.84
224,Luanda,AO,2021-10-28 21:08:19,-8.8368,13.2343,75.06,79,100,11.86
225,Simplicio Mendes,BR,2021-10-28 21:12:47,-7.8539,-41.9103,90.43,26,11,7.94
226,Santa Barbara,US,2021-10-28 21:12:48,34.7333,-120.0343,84.99,27,0,4.85
227,Villa Maria,AR,2021-10-28 21:10:19,-32.4075,-63.2402,92.82,24,0,12.62
228,Khandbari,NP,2021-10-28 21:12:48,27.3747,87.2039,59.56,72,9,3.27
229,Marzuq,YE,2021-10-28 21:12:49,14.4,46.4667,72.72,30,6,2.24
230,Mahebourg,MU,2021-10-28 21:08:58,-20.4081,57.7,75.25,77,3,9.8
231,College,US,2021-10-28 21:12:49,64.8569,-147.8028,24.75,91,90,4.61
232,Roma,US,2021-10-28 21:08:03,43.2128,-75.4557,57.94,64,1,8.05
233,Oyon,PE,2021-10-28 21:12:49,-10.6681,-76.7731,56.44,56,99,2.13
234,Saint-Georges,GD,2021-10-28 21:12:50,12.0564,-61.7485,80.8,77,89,11.97
235,Gorontalo,ID,2021-10-28 21:07:55,0.5412,123.0595,75.0,95,49,3.02
236,Snezhnogorsk,RU,2021-10-28 21:12:35,69.1933,33.2531,29.98,86,100,17.45
237,Smithers,CA,2021-10-28 21:12:50,54.7804,-127.1743,39.63,81,91,1.34
238,Alekseyevsk,RU,2021-10-28 21:12:51,57.8406,108.3492,22.42,71,33,4.03
239,Maracacume,BR,2021-10-28 21:11:13,-2.0428,-45.9592,75.83,90,88,3.58
240,Meadow Lake,US,2021-10-28 21:12:51,34.8014,-106.5436,68.77,27,0,10.85
241,Bodden Town,KY,2021-10-28 21:12:52,19.2833,-81.25,87.98,72,20,4.0
242,Hualmay,PE,2021-10-28 21:12:52,-11.0964,-77.6139,67.77,74,68,10.98
243,Ribeira Grande,PT,2021-10-28 21:05:17,38.5167,-28.7,68.68,87,86,24.11
244,Atambua,ID,2021-10-28 21:12:52,-9.1061,124.8925,75.85,85,100,2.24
245,Corlu,TR,2021-10-28 21:12:53,41.1592,27.8,49.98,76,40,9.22
246,Naas,IE,2021-10-28 21:12:53,53.2158,-6.6669,53.92,95,100,1.01
247,Rayagada,IN,2021-10-28 21:12:53,19.1667,83.4167,71.11,92,64,2.89
248,Colac,AU,2021-10-28 21:12:54,-38.3333,143.5833,50.16,96,100,20.78
249,Goundam,ML,2021-10-28 21:12:54,16.4145,-3.6708,92.66,27,94,1.01
250,Gari,RU,2021-10-28 21:12:54,59.4307,62.3497,24.03,71,75,15.35
251,Kalevala,RU,2021-10-28 21:12:55,65.2,31.1667,37.51,100,100,9.93
252,Saint-Pierre,RE,2021-10-28 21:12:55,-21.3393,55.4781,73.08,69,75,5.75
253,Barranca,PE,2021-10-28 21:12:08,-10.75,-77.7667,66.83,74,54,10.65
254,Pullman,US,2021-10-28 21:12:47,46.7313,-117.1796,68.23,73,90,8.05
255,Mecca,SA,2021-10-28 21:11:45,21.4267,39.8261,81.37,52,52,5.48
256,Nikolayevsk-Na-Amure,RU,2021-10-28 21:12:56,53.1406,140.73,28.29,94,10,2.55
257,Hirara,JP,2021-10-28 21:12:56,24.8,125.2833,74.73,62,36,15.84
258,Cuiluan,CN,2021-10-28 21:12:57,47.72,128.648,32.97,80,0,2.93
259,Roald,NO,2021-10-28 21:12:57,62.5833,6.1333,54.34,93,75,5.75
260,Mersing,MY,2021-10-28 21:12:58,2.4312,103.8405,77.59,89,94,2.75
261,East London,ZA,2021-10-28 21:05:28,-33.0153,27.9116,66.87,95,100,11.25
262,Salalah,OM,2021-10-28 21:12:58,17.0151,54.0924,78.89,78,75,2.3
263,Qaqortoq,GL,2021-10-28 21:12:59,60.7167,-46.0333,32.5,73,90,4.79
264,Izumo,JP,2021-10-28 21:12:59,35.3667,132.7667,53.2,79,7,8.7
265,Faya,SA,2021-10-28 21:12:59,18.3851,42.4509,55.92,60,3,3.06
266,Gorin,RU,2021-10-28 21:14:00,51.1983,136.6669,30.54,90,2,3.69
267,Axim,GH,2021-10-28 21:14:00,4.8699,-2.2405,78.48,87,93,4.92
268,Bubaque,GW,2021-10-28 21:10:35,11.2833,-15.8333,81.18,77,45,12.12
269,Tongzi,CN,2021-10-28 21:14:01,28.7829,105.0877,57.6,96,100,3.51
270,Asyut,EG,2021-10-28 21:14:01,27.181,31.1837,79.92,22,96,8.16
271,Remedios,CU,2021-10-28 21:14:02,22.4947,-79.5458,88.72,70,100,10.65
272,Bongandanga,CD,2021-10-28 21:14:02,1.5,21.05,71.78,98,86,1.95
273,Cayenne,GF,2021-10-28 21:14:03,4.9333,-52.3333,84.24,77,0,1.01
274,Mount Gambier,AU,2021-10-28 21:09:26,-37.8333,140.7667,48.49,70,100,13.33
275,Esperance,AU,2021-10-28 21:10:09,-33.8667,121.9,49.84,75,85,10.0
276,Okha,RU,2021-10-28 21:05:27,53.5739,142.9478,32.05,91,14,3.24
277,Kahului,US,2021-10-28 21:09:39,20.8947,-156.47,84.22,69,40,18.41
278,Inirida,CO,2021-10-28 21:10:52,3.8653,-67.9239,76.1,96,100,3.36
279,Svetlogorsk,BY,2021-10-28 21:14:04,52.6333,29.7333,50.47,96,99,3.98
280,Riyadh,SA,2021-10-28 21:14:04,24.6877,46.7219,78.94,16,99,7.05
281,Mets Masrik,AM,2021-10-28 21:14:05,40.2183,45.7681,35.22,35,0,2.24
282,Sorland,NO,2021-10-28 21:11:07,67.667,12.6934,48.27,86,100,23.42
283,Meulaboh,ID,2021-10-28 21:14:05,4.1363,96.1285,77.94,87,90,5.28
284,Fereydunshahr,IR,2021-10-28 21:14:06,32.941,50.121,37.74,40,0,2.77
285,Khor,RU,2021-10-28 21:14:06,47.8861,134.9464,32.23,86,0,6.51
286,Alice Springs,AU,2021-10-28 21:14:06,-23.7,133.8833,72.95,21,54,12.66
287,Staryy Nadym,RU,2021-10-28 21:14:07,65.6118,72.6842,25.57,96,100,14.56
288,Kinsale,IE,2021-10-28 21:14:07,51.7075,-8.5306,53.24,100,75,2.3
289,Ugoofaaru,MV,2021-10-28 21:14:08,5.6667,73.0,80.96,78,91,9.69
290,Stromness,GB,2021-10-28 21:14:08,58.965,-3.296,50.25,83,100,7.52
291,Lorengau,PG,2021-10-28 21:14:08,-2.0226,147.2712,82.56,76,98,5.95
292,Henties Bay,NA,2021-10-28 21:11:30,-22.116,14.2845,60.85,88,12,7.34
293,Barra Patuca,HN,2021-10-28 21:14:09,15.8,-84.2833,86.14,71,92,13.13
294,Urucara,BR,2021-10-28 21:11:12,-2.5364,-57.76,82.9,71,76,4.03
295,Sibolga,ID,2021-10-28 21:14:09,1.7427,98.7792,77.04,78,100,3.85
296,Nelson Bay,AU,2021-10-28 21:14:10,-32.7167,152.15,72.95,82,100,1.01
297,La Asuncion,VE,2021-10-28 21:14:10,11.0333,-63.8628,79.93,80,70,10.22
298,Cherskiy,RU,2021-10-28 21:14:10,68.75,161.3,-14.66,93,88,3.6
299,Lons-Le-Saunier,FR,2021-10-28 21:14:11,46.75,5.75,50.79,79,98,4.79
300,Kudahuvadhoo,MV,2021-10-28 21:14:11,2.6708,72.8944,81.1,77,70,9.28
301,Sri Aman,MY,2021-10-28 21:09:58,1.2376,111.4621,73.04,100,100,1.72
302,Ancud,CL,2021-10-28 21:14:12,-41.8697,-73.8203,60.33,66,33,9.31
303,Tessalit,ML,2021-10-28 21:14:12,20.1986,1.0114,84.99,18,97,9.42
304,Atar,MR,2021-10-28 21:14:12,20.5169,-13.0499,80.65,41,93,2.1
305,Perevolotskiy,RU,2021-10-28 21:14:13,51.8763,54.1938,38.39,65,100,10.18
306,Asfi,MA,2021-10-28 21:14:13,32.2994,-9.2372,66.31,89,3,9.17
307,Kitgum,UG,2021-10-28 21:14:13,3.2783,32.8867,72.07,70,90,3.38
308,Ixtapa,MX,2021-10-28 21:14:14,20.7,-105.2,86.23,74,1,11.5
309,Kavieng,PG,2021-10-28 21:14:14,-2.5744,150.7967,83.43,74,74,9.31
310,Padang,ID,2021-10-28 21:09:22,-0.9492,100.3543,78.21,80,100,3.31
311,Amapa,BR,2021-10-28 21:14:15,1.0,-52.0,86.34,45,100,1.61
312,Lerwick,GB,2021-10-28 21:15:15,60.1545,-1.1494,51.8,91,100,7.02
313,Maniitsoq,GL,2021-10-28 21:15:16,65.4167,-52.9,32.77,42,100,5.61
314,Berlevag,NO,2021-10-28 21:12:31,70.8578,29.0864,30.15,86,75,23.02
315,Fuzhou,CN,2021-10-28 21:15:16,26.0614,119.3061,69.69,86,95,2.19
316,Airai,TL,2021-10-28 21:15:16,-8.9266,125.4092,61.23,83,98,2.06
317,Malandag,PH,2021-10-28 21:15:17,6.3094,125.2428,73.0,93,18,4.16
318,Bachaquero,VE,2021-10-28 21:15:17,9.9694,-71.1494,86.79,66,86,7.02
319,Nishihara,JP,2021-10-28 21:15:17,26.1842,127.7558,69.08,64,20,5.75
320,Bilibino,RU,2021-10-28 21:15:18,68.0546,166.4372,-21.41,98,13,3.56
321,Okhotsk,RU,2021-10-28 21:15:18,59.3833,143.3,21.97,92,61,4.81
322,Gushikawa,JP,2021-10-28 21:15:18,26.3544,127.8686,69.03,79,1,4.61
323,Porto Novo,BJ,2021-10-28 21:15:19,6.4965,2.6036,78.37,81,11,3.44
324,Hasaki,JP,2021-10-28 21:15:19,35.7333,140.8333,54.0,54,91,30.49
325,Rumoi,JP,2021-10-28 21:15:19,43.9344,141.6428,46.67,89,90,9.4
326,Mildura,AU,2021-10-28 21:15:20,-34.2,142.15,58.96,67,75,11.5
327,Abalak,RU,2021-10-28 21:15:20,58.1286,68.5944,33.64,97,100,12.1
328,Karratha,AU,2021-10-28 21:15:20,-20.7377,116.8463,70.32,46,1,11.12
329,Aksu,CN,2021-10-28 21:15:21,41.1231,80.2644,48.92,40,95,1.99
330,Deputatskiy,RU,2021-10-28 21:15:21,69.3,139.9,4.46,98,100,1.77
331,Luziania,BR,2021-10-28 21:15:21,-16.2525,-47.9503,85.69,50,90,4.88
332,Maine-Soroa,NE,2021-10-28 21:15:22,13.2114,12.0241,86.2,11,9,7.61
333,Longyearbyen,SJ,2021-10-28 21:15:22,78.2186,15.6401,19.24,68,0,5.75
334,Lagoa,PT,2021-10-28 21:15:22,39.05,-27.9833,67.37,80,92,16.58
335,Miercurea Sibiului,RO,2021-10-28 21:15:23,45.8833,23.8,31.98,53,56,2.3
336,Mogoytuy,RU,2021-10-28 21:15:23,51.2833,114.9167,33.42,77,47,5.21
337,Panacan,PH,2021-10-28 21:15:23,9.2463,118.4082,78.94,84,87,10.11
338,Zverinogolovskoye,RU,2021-10-28 21:15:24,54.4586,64.8542,34.61,76,78,12.75
339,Leningradskiy,RU,2021-10-28 21:15:24,69.3833,178.4167,4.26,90,100,7.47
340,Mineiros,BR,2021-10-28 21:15:24,-17.5694,-52.5511,72.93,77,100,5.5
341,Gorokhovets,RU,2021-10-28 21:15:25,56.1947,42.7003,41.88,86,100,9.84
342,Djambala,CG,2021-10-28 21:15:25,-2.5447,14.7533,69.85,82,7,2.15
343,Road Town,VG,2021-10-28 21:15:25,18.4167,-64.6167,84.24,70,20,3.44
344,Jacareacanga,BR,2021-10-28 21:15:26,-6.2222,-57.7528,84.97,61,94,2.08
345,Kemijarvi,FI,2021-10-28 21:15:26,66.7131,27.4306,37.53,99,100,8.28
346,Seoul,KR,2021-10-28 21:14:55,37.5683,126.9778,47.71,57,100,3.47
347,Bandarbeyla,SO,2021-10-28 21:15:26,9.4942,50.8122,77.23,70,3,7.31
348,Lisakovsk,KZ,2021-10-28 21:15:27,52.5369,62.4936,36.81,67,100,15.79
349,Ginda,IN,2021-10-28 21:15:27,30.6945,78.4932,48.67,37,0,6.78
350,Plettenberg Bay,ZA,2021-10-28 21:15:27,-34.0527,23.3716,69.85,65,100,5.12
351,Guerrero Negro,MX,2021-10-28 21:15:28,27.9769,-114.0611,84.07,25,0,7.49
352,La Ronge,CA,2021-10-28 21:15:28,55.1001,-105.2842,48.45,43,1,9.22
353,Viedma,AR,2021-10-28 21:15:29,-40.8135,-62.9967,89.02,20,67,5.68
354,Seddon,AU,2021-10-28 21:15:29,-37.8068,144.8916,55.74,79,75,15.99
355,Bambous Virieux,MU,2021-10-28 21:15:29,-20.3428,57.7575,75.22,88,40,11.5
356,Mitsamiouli,KM,2021-10-28 21:15:30,-11.3847,43.2844,79.21,75,9,0.92
357,Mahon,ES,2021-10-28 21:15:30,39.8885,4.2658,59.56,88,20,3.44
358,Aden,YE,2021-10-28 21:15:31,12.7794,45.0367,84.78,48,5,2.95
359,Corum,TR,2021-10-28 21:15:31,40.5,34.75,42.26,83,81,3.8
360,Aktash,RU,2021-10-28 21:15:31,50.3,87.7333,20.52,76,7,3.83
361,Moyale,KE,2021-10-28 21:16:32,3.5167,39.0584,74.86,46,88,5.55
362,Gat,IL,2021-10-28 21:16:32,31.61,34.7642,77.4,31,85,0.56
363,Keflavik,IS,2021-10-28 21:16:33,64.0049,-22.5624,41.43,87,90,16.11
364,Mahanoro,MG,2021-10-28 21:16:33,-19.9,48.8,66.85,88,100,11.23
365,Korla,CN,2021-10-28 21:15:36,41.7597,86.1469,47.61,43,62,1.99
366,Hurghada,EG,2021-10-28 21:16:34,27.2574,33.8129,77.72,33,27,1.36
367,Leshukonskoye,RU,2021-10-28 21:16:34,64.8989,45.7622,16.59,99,70,2.3
368,Kavaratti,IN,2021-10-28 21:16:34,10.5669,72.642,80.31,79,100,4.07
369,Sawakin,SD,2021-10-28 21:16:35,19.1059,37.3321,84.29,76,8,7.56
370,Cockburn Town,TC,2021-10-28 21:16:35,21.4612,-71.1419,82.69,67,3,2.73
371,Kutum,SD,2021-10-28 21:16:35,14.2,24.6667,74.37,14,9,12.3
372,Wajir,KE,2021-10-28 21:16:36,1.7471,40.0573,81.36,54,19,18.63
373,Negombo,LK,2021-10-28 21:13:27,7.2083,79.8358,78.06,86,100,6.35
374,Rio Grande Da Serra,BR,2021-10-28 21:16:36,-23.7442,-46.3983,69.31,99,100,4.92
375,Lethem,GY,2021-10-28 21:16:37,3.3803,-59.7968,85.95,58,97,5.08
376,Empalme,MX,2021-10-28 21:16:37,27.9667,-110.8167,94.35,25,1,11.5
377,Kushima,JP,2021-10-28 21:16:37,31.4583,131.2333,51.31,81,0,8.3
378,Mbandaka,CD,2021-10-28 21:16:38,0.0487,18.2603,72.28,92,91,1.21
379,Vila Franca Do Campo,PT,2021-10-28 21:16:38,37.7167,-25.4333,68.41,90,100,9.71
380,Tevaitoa,PF,2021-10-28 21:16:38,-16.7833,-151.5,78.48,80,73,8.93
381,Evensk,RU,2021-10-28 21:16:39,61.95,159.2333,16.56,95,100,6.17
382,Sitka,US,2021-10-28 21:16:39,57.0531,-135.33,44.49,70,40,9.22
383,Abu Samrah,SY,2021-10-28 21:16:40,35.3029,37.1841,63.41,52,99,6.93
384,Zalantun,CN,2021-10-28 21:16:40,48.0,122.7167,37.49,61,7,2.26
385,Linkoping,SE,2021-10-28 21:16:40,58.4109,15.6216,49.39,91,68,3.44
386,Sinaloa,MX,2021-10-28 21:11:50,25.0,-107.5,94.1,44,0,3.0
387,Paita,PE,2021-10-28 21:16:41,-5.0892,-81.1144,72.16,74,27,18.21
388,Santa Rosa,PH,2021-10-28 21:14:14,14.3122,121.1114,80.11,75,57,11.88
389,Ayan,RU,2021-10-28 21:16:41,56.45,138.1667,37.87,62,98,2.55
390,Borkenes,NO,2021-10-28 21:16:42,68.774,16.1739,45.97,100,100,8.03
391,Pascagoula,US,2021-10-28 21:16:14,30.3658,-88.5561,75.24,43,20,11.5
392,Puerto Del Rosario,ES,2021-10-28 21:16:42,28.5004,-13.8627,71.35,73,40,12.66
393,Kalga,RU,2021-10-28 21:16:43,50.9251,118.898,32.61,77,47,3.51
394,Fairbanks,US,2021-10-28 21:16:43,64.8378,-147.7164,25.3,91,75,0.0
395,Nemuro,JP,2021-10-28 21:16:43,43.3236,145.575,50.16,78,32,23.91
396,Dutse,NG,2021-10-28 21:16:44,11.7594,9.3392,79.03,24,32,2.75
397,Kiama,AU,2021-10-28 21:16:10,-34.6833,150.8667,78.28,44,90,8.99
398,Barbacoas,CO,2021-10-28 21:16:44,1.6715,-78.1398,80.65,86,75,5.5
399,Provideniya,RU,2021-10-28 21:16:45,64.3833,-173.3,15.91,67,90,8.95
400,Kuznechnoye,RU,2021-10-28 21:16:45,61.12,29.8686,46.45,95,100,10.4
401,Raudeberg,NO,2021-10-28 21:16:46,61.9875,5.1352,53.2,95,100,5.01
402,Havelock,US,2021-10-28 21:16:46,34.8791,-76.9013,67.05,82,100,5.99
403,Boueni,YT,2021-10-28 21:16:46,-12.9025,45.0761,78.78,74,41,13.06
404,Asau,RO,2021-10-28 21:16:47,46.4333,26.4,47.75,74,12,2.3
405,Baghdad,IQ,2021-10-28 21:14:12,33.3406,44.4009,76.91,31,0,10.36
406,Narsaq,GL,2021-10-28 21:12:19,60.9167,-46.05,32.22,69,98,5.23
407,Nova Olimpia,BR,2021-10-28 21:16:47,-14.7972,-57.2881,92.26,42,90,1.97
408,Youghal,IE,2021-10-28 21:16:48,51.95,-7.8506,54.01,100,100,7.54
409,Bollnas,SE,2021-10-28 21:17:48,61.3482,16.3946,55.13,90,100,14.63
410,Takoradi,GH,2021-10-28 21:17:48,4.8845,-1.7554,78.87,85,63,4.7
411,Katherine,AU,2021-10-28 21:17:49,-14.4667,132.2667,82.72,74,40,4.61
412,Huarmey,PE,2021-10-28 21:17:49,-10.0681,-78.1522,68.67,75,55,10.56
413,Boshnyakovo,RU,2021-10-28 21:17:49,49.6333,142.1667,32.72,83,7,8.43
414,Jiwani,PK,2021-10-28 21:17:50,25.05,61.7417,78.62,67,0,8.25
415,Souris,CA,2021-10-28 21:17:50,49.6172,-100.2612,57.74,29,0,13.33
416,Ahuimanu,US,2021-10-28 21:17:50,21.4447,-157.8378,80.46,79,75,6.91
417,Puerto Ayacucho,VE,2021-10-28 21:17:51,5.6639,-67.6236,81.68,75,62,1.95
418,Bud,US,2021-10-28 21:17:51,39.447,-86.1758,54.21,97,100,12.82
419,Port Hawkesbury,CA,2021-10-28 21:14:13,45.6169,-61.3485,47.59,81,100,3.0
420,Bulawayo,ZW,2021-10-28 21:17:52,-20.15,28.5833,59.56,73,3,13.56
421,Quatre Cocos,MU,2021-10-28 21:17:52,-20.2078,57.7625,75.09,76,5,9.17
422,Shimoda,JP,2021-10-28 21:17:52,34.6667,138.95,58.14,62,0,16.82
423,Harper,LR,2021-10-28 21:17:53,4.375,-7.7169,78.22,84,96,5.82
424,Bathsheba,BB,2021-10-28 21:17:53,13.2167,-59.5167,83.01,69,20,11.5
425,Vallenar,CL,2021-10-28 21:17:54,-28.5708,-70.7581,81.99,27,0,7.36
426,Ornskoldsvik,SE,2021-10-28 21:17:54,63.2909,18.7153,38.35,100,90,3.44
427,Marion,US,2021-10-28 21:17:50,39.7684,-86.1555,54.57,94,90,14.97
428,Byron Bay,AU,2021-10-28 21:17:53,-28.65,153.6167,75.7,81,100,13.98
429,Selma,US,2021-10-28 21:17:55,36.5708,-119.6121,81.1,65,0,1.45
430,Cuamba,MZ,2021-10-28 21:17:55,-14.8031,36.5372,68.27,64,7,9.26
431,Uniontown,US,2021-10-28 21:17:55,39.9001,-79.7164,67.55,49,100,1.01
432,Kununurra,AU,2021-10-28 21:17:56,-15.7667,128.7333,78.78,83,100,4.61
433,Kropotkin,RU,2021-10-28 21:17:56,45.4375,40.5756,44.06,56,100,5.79
434,Norman Wells,CA,2021-10-28 21:17:56,65.282,-126.8329,23.04,86,90,8.05
435,Dingle,PH,2021-10-28 21:17:57,10.9995,122.6711,74.82,92,88,6.78
436,Udachnyy,RU,2021-10-28 21:17:57,66.4167,112.4,5.52,93,100,18.01
437,Luderitz,NA,2021-10-28 21:17:58,-26.6481,15.1594,58.14,90,5,5.46
438,Roros,NO,2021-10-28 21:17:58,62.5747,11.3842,48.04,93,90,3.44
439,Berdigestyakh,RU,2021-10-28 21:17:58,62.0989,126.6992,20.07,86,97,9.71
440,Dinguiraye,GN,2021-10-28 21:17:59,11.3,-10.7167,72.12,89,100,3.11
441,Yanai,JP,2021-10-28 21:17:59,33.9667,132.1167,57.58,70,2,13.04
442,Komsomolskiy,UZ,2021-10-28 21:17:59,40.4272,71.7189,48.92,61,40,4.61
443,Mountain Home,US,2021-10-28 21:17:00,43.133,-115.6912,67.57,55,1,6.91
444,Paraiso,CR,2021-10-28 21:18:00,9.8383,-83.8656,73.42,90,100,1.79
445,Semey,KZ,2021-10-28 21:18:00,50.4111,80.2275,35.29,86,23,6.78
446,Payakumbuh,ID,2021-10-28 21:18:01,-0.2202,100.6308,70.07,95,100,1.88
447,Arman,RU,2021-10-28 21:18:01,59.7,150.1667,24.89,96,100,1.45
448,Tshikapa,CD,2021-10-28 21:18:02,-6.4167,20.8,71.91,97,100,1.86
449,Ballyshannon,IE,2021-10-28 21:18:03,54.5,-8.1833,44.62,85,99,5.28
450,Lubao,PH,2021-10-28 21:15:57,14.9167,120.55,80.15,83,56,8.5
451,Prieska,ZA,2021-10-28 21:18:03,-29.6641,22.7474,66.04,73,70,13.67
452,Taoudenni,ML,2021-10-28 21:18:04,22.6783,-3.9836,86.45,29,98,7.99
453,Ajaccio,FR,2021-10-28 21:18:04,42.0,8.9167,53.76,88,90,4.61
454,Tabou,CI,2021-10-28 21:19:05,4.423,-7.3528,78.28,84,89,4.68
455,Severo-Yeniseyskiy,RU,2021-10-28 21:19:05,60.3725,93.0408,22.5,85,100,7.9
456,Comodoro Rivadavia,AR,2021-10-28 21:18:43,-45.8667,-67.5,71.46,28,0,16.11
457,Dunedin,NZ,2021-10-28 21:19:05,-45.8742,170.5036,58.8,85,73,15.01
458,Malia,GR,2021-10-28 21:19:06,35.2833,25.4667,65.82,83,83,3.36
459,Imeni Poliny Osipenko,RU,2021-10-28 21:19:06,52.4201,136.4853,30.67,89,12,5.37
460,Nago,JP,2021-10-28 21:19:06,26.5881,127.9761,71.76,63,21,8.97
461,Fortuna,US,2021-10-28 21:17:19,40.5982,-124.1573,75.42,68,20,1.01
462,Iralaya,HN,2021-10-28 21:19:07,15.0,-83.2333,87.89,73,35,8.23
463,Aksarka,RU,2021-10-28 21:19:07,66.5606,67.7975,23.63,97,100,7.0
464,Tual,ID,2021-10-28 21:19:08,-5.6667,132.75,82.62,75,97,2.33
465,Homa Bay,KE,2021-10-28 21:19:08,-0.5273,34.4571,68.59,81,100,4.76
466,Bima,ID,2021-10-28 21:19:08,-8.4667,118.7167,77.83,89,63,2.35
467,Yeppoon,AU,2021-10-28 21:19:09,-23.1333,150.7333,76.78,72,49,9.95
468,Mandalgovi,MN,2021-10-28 21:19:09,45.7625,106.2708,32.05,55,18,15.3
469,Williams Lake,CA,2021-10-28 21:19:09,52.1415,-122.1445,40.57,85,90,4.61
470,Taltal,CL,2021-10-28 21:15:33,-25.4,-70.4833,66.94,60,22,3.6
471,Tautira,PF,2021-10-28 21:16:07,-17.7333,-149.15,77.02,81,35,10.4
472,Kupang,ID,2021-10-28 21:19:10,-10.1667,123.5833,80.02,83,94,4.88
473,Basco,PH,2021-10-28 21:19:10,20.4487,121.9702,78.93,70,100,19.69
474,Zhaotong,CN,2021-10-28 21:19:11,27.3167,103.7167,45.14,97,100,4.68
475,Yenagoa,NG,2021-10-28 21:19:11,4.9247,6.2642,76.69,93,98,3.53
476,Dongsheng,CN,2021-10-28 21:19:11,39.8161,109.9776,40.64,59,43,9.37
477,Lompoc,US,2021-10-28 21:16:03,34.6391,-120.4579,91.78,25,1,11.5
478,Formosa Do Rio Preto,BR,2021-10-28 21:19:12,-11.0483,-45.1931,86.34,25,3,5.73
479,Shenjiamen,CN,2021-10-28 21:19:12,29.9576,122.298,63.95,65,20,9.15
480,Anori,BR,2021-10-28 21:19:12,-3.7728,-61.6442,82.04,77,100,1.97
481,Dongning,CN,2021-10-28 21:19:13,44.0622,131.1207,35.64,78,0,3.22
482,Vedi,AM,2021-10-28 21:19:13,39.9142,44.7222,42.19,27,0,3.58
483,Fort Pierce,US,2021-10-28 21:19:14,27.4467,-80.3256,87.85,71,20,5.99
484,Virtsu,EE,2021-10-28 21:19:14,58.5716,23.5115,52.05,99,100,18.77
485,San Cristobal,VE,2021-10-28 21:19:14,7.7669,-72.225,77.18,77,48,5.23
486,Batagay-Alyta,RU,2021-10-28 21:19:15,67.8006,130.4114,5.07,86,100,3.18
487,Ulaangom,MN,2021-10-28 21:19:15,49.9811,92.0667,33.4,59,10,3.94
488,Nuevitas,CU,2021-10-28 21:19:15,21.5453,-77.2644,87.24,74,100,3.33
489,Porecatu,BR,2021-10-28 21:19:16,-22.7558,-51.3792,89.67,69,87,9.71
490,Sao Luis De Montes Belos,BR,2021-10-28 21:19:16,-16.525,-50.3722,83.17,51,98,3.13
491,Kharp,RU,2021-10-28 21:19:17,66.8014,65.8081,18.57,91,100,10.85
492,Neuquen,AR,2021-10-28 21:18:38,-38.9516,-68.0591,91.29,27,40,3.44
493,Dinghai,CN,2021-10-28 21:19:17,26.2847,119.7936,68.92,75,97,13.42
494,Kampong Thum,KH,2021-10-28 21:19:17,12.7111,104.8887,73.99,95,96,3.0
495,Tegh,AM,2021-10-28 21:19:18,39.5579,46.4772,38.95,43,0,4.27
496,Sambava,MG,2021-10-28 21:19:18,-14.2667,50.1667,74.86,82,69,6.24
497,Grand-Lahou,CI,2021-10-28 21:19:19,5.1367,-5.0242,78.94,84,99,5.7
498,Aripuana,BR,2021-10-28 21:19:19,-9.1667,-60.6333,81.03,76,93,3.22
499,Bereda,ES,2021-10-28 21:17:16,43.2686,-7.5406,58.01,99,100,6.6
500,Kirakira,SB,2021-10-28 21:19:19,-10.4544,161.9205,84.38,75,29,7.9
501,Maragogi,BR,2021-10-28 21:20:20,-9.0122,-35.2225,77.23,78,98,8.99
502,Tiznit,MA,2021-10-28 21:20:20,29.5833,-9.5,62.62,73,0,0.72
503,Hammerfest,NO,2021-10-28 21:20:20,70.6634,23.6821,39.65,70,40,14.97
504,Port Hardy,CA,2021-10-28 21:20:21,50.6996,-127.4199,50.18,81,75,0.0
505,Campbell River,CA,2021-10-28 21:19:33,50.0163,-125.2446,47.12,94,90,3.44
506,Jizan,SA,2021-10-28 21:20:21,17.3333,42.6667,81.54,54,0,4.0
507,Coihaique,CL,2021-10-28 21:18:01,-45.5752,-72.0662,62.55,42,75,11.5
508,Kinshasa,CD,2021-10-28 21:15:38,-4.3246,15.3215,76.78,80,20,2.04
509,Severnyy,RU,2021-10-28 21:20:22,50.677,36.5532,48.24,93,75,8.95
510,Vadlapudi,IN,2021-10-28 21:20:22,14.3167,79.8,78.44,83,95,6.93
511,Gardelegen,DE,2021-10-28 21:20:23,52.5252,11.3952,49.77,73,14,5.97
512,Eureka,US,2021-10-28 21:20:23,40.8021,-124.1637,75.67,75,24,5.99
513,Naze,JP,2021-10-28 21:20:23,28.3667,129.4833,66.76,63,14,7.99
514,Lerik,AZ,2021-10-28 21:20:24,38.7726,48.4128,28.04,56,2,2.93
515,Laurel,US,2021-10-28 21:20:24,39.0993,-76.8483,65.75,71,40,3.0
516,Trelew,AR,2021-10-28 21:18:21,-43.249,-65.3051,73.47,28,13,13.38
517,Mittagong,AU,2021-10-28 21:20:24,-34.45,150.45,70.9,43,100,9.95
518,Melioratorov,RU,2021-10-28 21:20:25,57.2107,65.6077,37.78,87,75,13.42
519,Fuquay-Varina,US,2021-10-28 21:15:52,35.5843,-78.8,67.98,79,100,3.0
520,Beringovskiy,RU,2021-10-28 21:20:25,63.05,179.3167,5.22,88,24,6.93
521,Rocha,UY,2021-10-28 21:20:26,-34.4833,-54.3333,72.28,71,0,10.6
522,Lunenburg,CA,2021-10-28 21:19:30,44.3835,-64.3155,50.0,76,100,22.37
523,San Rafael,AR,2021-10-28 21:17:04,-34.6177,-68.3301,93.94,15,1,16.96
524,Shangrao,CN,2021-10-28 21:20:26,28.4532,117.9686,56.98,89,13,1.9
525,Necochea,AR,2021-10-28 21:20:26,-38.5473,-58.7368,80.11,58,93,9.73
526,Sturgeon Bay,US,2021-10-28 21:20:27,44.8342,-87.377,55.76,82,1,13.8
527,Constancia,MX,2021-10-28 21:20:27,24.2231,-107.1869,93.45,51,0,7.14
528,Ndola,ZM,2021-10-28 21:20:27,-12.9587,28.6366,68.79,52,3,7.67
529,Villamontes,BO,2021-10-28 21:20:28,-21.25,-63.5,101.32,17,27,10.49
530,Nieuw Nickerie,SR,2021-10-28 21:20:28,5.95,-56.9833,81.16,77,91,10.16
531,Tura,IN,2021-10-28 21:20:28,25.5198,90.2201,66.4,90,0,3.8
532,Rantoul,US,2021-10-28 21:20:29,40.3084,-88.1559,53.38,95,90,3.0
533,Coquimbo,CL,2021-10-28 21:20:29,-29.9533,-71.3436,58.73,82,75,9.22
534,Peniche,PT,2021-10-28 21:20:30,39.3558,-9.3811,66.61,86,100,18.43
535,Ust-Maya,RU,2021-10-28 21:20:30,60.4167,134.5333,24.33,92,100,5.79
536,Nizhniy Mamon,RU,2021-10-28 21:20:30,50.1937,40.5083,44.06,94,75,7.61
537,Russellville,US,2021-10-28 21:19:19,35.2784,-93.1338,56.93,83,90,16.11
538,Bangassou,CF,2021-10-28 21:20:31,4.7413,22.8184,70.16,98,99,3.76
539,Grao Mogol,BR,2021-10-28 21:20:32,-16.5594,-42.8897,71.04,62,58,4.21
540,Santa Vitoria Do Palmar,BR,2021-10-28 21:20:32,-33.5189,-53.3681,71.19,66,0,10.76
541,Elko,US,2021-10-28 21:20:32,41.0002,-115.5012,62.64,43,5,3.0
542,Yarmouth,US,2021-10-28 21:16:11,41.7057,-70.2286,52.14,79,90,21.99
543,Hobyo,SO,2021-10-28 21:19:58,5.3505,48.5268,79.77,77,4,6.98
544,Acapulco,MX,2021-10-28 21:17:01,16.8634,-99.8901,87.62,70,75,3.44
545,Wanaka,NZ,2021-10-28 21:20:33,-44.7,169.15,57.11,69,40,1.99
546,Tangjiazhuang,CN,2021-10-28 21:21:34,39.7333,118.45,49.33,72,46,2.71
547,Malakal,SS,2021-10-28 21:21:34,9.5334,31.6605,75.33,70,83,2.55
548,Kristiinankaupunki,FI,2021-10-28 21:21:34,62.2743,21.376,49.5,96,100,15.86
549,Terrell,US,2021-10-28 21:21:35,32.736,-96.2753,72.48,29,20,28.77
550,Vostok,RU,2021-10-28 21:21:35,46.4856,135.8833,28.78,94,3,3.91
551,Yerbogachen,RU,2021-10-28 21:21:35,61.2767,108.0108,17.29,79,94,12.17
552,Troitskoye,RU,2021-10-28 21:21:36,52.9821,84.6757,31.14,73,60,6.31
553,Maldonado,UY,2021-10-28 21:21:36,-34.6667,-54.9167,78.19,65,2,10.38
554,Mocuba,MZ,2021-10-28 21:21:36,-16.8392,36.9856,68.68,77,9,5.01
555,Bull Savanna,JM,2021-10-28 21:21:37,17.8868,-77.5902,82.33,70,45,12.66
556,Mut,TR,2021-10-28 21:21:37,36.6439,33.4389,58.5,51,8,6.04
557,Srednekolymsk,RU,2021-10-28 21:21:37,67.45,153.6833,-7.13,98,83,1.25
558,Hofn,IS,2021-10-28 21:21:38,64.2539,-15.2082,42.71,89,100,14.76
559,Lakatoro,VU,2021-10-28 21:21:38,-16.0999,167.4164,81.88,74,2,8.55
560,Kincardine,GB,2021-10-28 21:21:38,56.0667,-3.7167,54.84,97,100,0.87
561,Koutsouras,GR,2021-10-28 21:21:39,35.0339,25.9469,66.11,70,27,10.89
562,Jumla,NP,2021-10-28 21:21:39,29.2747,82.1838,43.12,66,0,4.43
563,Bayshore Gardens,US,2021-10-28 21:21:40,27.4253,-82.5904,80.98,81,90,10.36
564,Marathon,US,2021-10-28 21:21:40,44.9,-89.7668,54.93,82,75,5.75
565,Tutoia,BR,2021-10-28 21:21:40,-2.7619,-42.2744,80.91,77,60,9.57
566,Sicuani,PE,2021-10-28 21:21:41,-14.2694,-71.2261,51.75,71,91,8.46
567,Bonnyville,CA,2021-10-28 21:21:41,54.2668,-110.735,48.0,22,0,11.86
568,Arkhangelskoye,RU,2021-10-28 21:21:41,55.8549,35.3287,39.63,90,100,0.81
569,Bossangoa,CF,2021-10-28 21:21:42,6.4926,17.4552,71.51,95,49,0.63
570,Waipawa,NZ,2021-10-28 21:21:42,-41.4122,175.5153,58.46,71,37,4.63
571,Russell,US,2021-10-28 21:21:42,32.3502,-85.1999,73.0,54,1,10.36
572,Makakilo City,US,2021-10-28 21:21:43,21.3469,-158.0858,79.29,77,90,6.91
573,Richards Bay,ZA,2021-10-28 21:21:43,-28.783,32.0377,66.56,72,76,13.96
574,Portland,US,2021-10-28 21:20:06,45.5234,-122.6762,69.78,83,90,3.0
575,Benguela,AO,2021-10-28 21:21:44,-12.5763,13.4055,74.3,76,69,5.95
576,Kautokeino,NO,2021-10-28 21:21:44,69.0125,23.0412,33.1,93,99,10.31
577,Tenenkou,ML,2021-10-28 21:21:09,14.4572,-4.9169,85.95,42,84,6.22
578,Bilma,NE,2021-10-28 21:21:44,18.6853,12.9164,83.19,15,51,6.69
579,Bar,UA,2021-10-28 21:21:45,49.0772,27.6826,45.41,89,10,3.29
580,Ferrol,ES,2021-10-28 21:21:45,43.4832,-8.2369,62.37,86,99,12.95
581,Beloha,MG,2021-10-28 21:21:46,-25.1667,45.05,62.65,73,11,12.64
582,Skibbereen,IE,2021-10-28 21:21:46,51.55,-9.2667,51.6,85,100,5.66
583,Sangar,RU,2021-10-28 21:21:46,63.9242,127.4739,19.27,93,100,9.04
584,Rio Gallegos,AR,2021-10-28 21:21:34,-51.6226,-69.2181,73.45,28,40,10.36
